id,count,template
3,767777,- <*> <*> <*> <*> <*> RAS KERNEL INFO <*> <*>
105,213337,- <*> <*> <*> <*> <*> RAS KERNEL INFO <*> <*> <*> <*>
17,153605,- <*> <*> <*> <*> <*> RAS KERNEL FATAL <*> <*> <*>
16,152659,KERNDTLB <*> <*> <*> <*> <*> RAS KERNEL FATAL data TLB error interrupt
22,108402,- <*> <*> <*> <*> <*> RAS KERNEL FATAL <*> <*> <*> <*>
1,64933,- <*> <*> <*> <*> <*> RAS KERNEL INFO instruction cache parity error corrected
68,63488,KERNSTOR <*> <*> <*> <*> <*> RAS KERNEL FATAL data storage interrupt
74,28572,- <*> <*> <*> <*> <*> RAS KERNEL INFO CE sym <*> at <*> mask <*>
70,18432,- <*> 2005.06.14 <*> <*> <*> RAS KERNEL FATAL <*> <*> <*> <*> <*> <*>
104,13156,- <*> <*> <*> <*> <*> RAS KERNEL INFO <*> <*> <*>
